Company;Domains
teamtheory.ai;teamtheory.ai
Deepip;deepip.ai
Boardy;boardy.ai
Alpha Intelligence Capital;aicapital.ai
A Kind of Magic;akindofmagic.ai
Cloudgeni;cloudgeni.ai
Pivot;pivotapp.ai
muchbetter.ai;muchbetter.ai
groovin.ai;groovin.ai
AI for Professional Services;suits.ai
KAWA AI;kawa.ai
baskerly.ai;baskerly.ai
mediar.ai;mediar.ai
SubstantAI;substant.ai
Alfred-Eyes;alfred-eyes.ai
Care Call;carecall.ai
AI71;ai71.ai
Mindely (YC S24);mindely.ai
tellis.ai;tellis.ai
WeatherMind;weathermind.ai
Addvocate;addvocate.ai
ZenAdmin;zenadmin.ai
Isaree;isaree.ai
Brium;brium.ai
Greenbids;greenbids.ai
Motives;motives.ai
ArcaScience;arcascience.ai
Duoverse;duoverse.ai
Vocca AI;vocca.ai
Kog;kog.ai
kalent.ai;kalent.ai
Yoshu;yoshu.ai
Anathem;anathem.ai
Ewake;ewake.ai
laelaps.ai;laelaps.ai
Luna;withluna.ai
Craft Robotics;craftrobotics.ai
Stealth AI Startup;resurgo.ai
HeartFocus: Let’s Fight Cardiovascular Disease Together;deski.ai
Basalt;getbasalt.ai
diago.ai;diago.ai
recept.ai;rcpt.ai
consio.ai;consio.ai
MNTC;mntc.ai
tychobio.ai;tychobio.ai
Koios AI;getkoios.ai
Poolday AI;poolday.ai
Kaelio;kaelio.ai
elips.ai;elips.ai
Tasks;tasks.ai
Dynamiq: the Operating Platform for GenAI Applications;getdynamiq.ai
adacta.ai;adacta.ai
talic.ai;talic.ai
Ednova;ednova.ai
11x;11x.ai
Arcads;arcads.ai
Emblematic;getemblematic.ai
panoptix.ai;panoptix.ai
Pathaka;pathaka.ai
2501.ai;2501.ai
AutoLex;autolex.ai
enneo.AI;enneo.ai
Scopeo;scopeo.ai
Alphaguard - Protect your financial assets against fraud with GenAI;alphaguard.ai
Scalera (ex RA Scale);ra-scale.ai
Helmguard;helmguard.ai
Sphinx;sphinxlabs.ai
Monce. AI-Powered Quoting for Manufacturers;monce.ai
skygrid.ai;skygrid.ai
anyformat.ai;anyformat.ai
creative-robots.ai;creative-robots.ai
Dealcode;dealcode.ai
sigmanova.ai;sigmanova.ai
reliefapp.ai;reliefapp.ai
Arlequin AI;arlq.ai
SalesAPE.ai;salesape.ai
DeepIP;getdavinci.ai
Palm;palm-app.ai
BLNG;blng.ai
Eigent;eigent.ai
Atira;atira.ai
913.ai;913.ai
Minari;minari.ai
Beam;beam.ai
partsorder.ai;partsorder.ai
Alephs;alephs.ai
Lasqo;lasqo.ai
twelve.ai;twelve.ai
Autodm AI;autodm.ai
SE3 Labs;se3.ai
DeepFlows AI;deepflows.ai
Aishore;aishore.ai
Pyannote;pyannote.ai
yampa.ai;yampa.ai
conveo.ai;conveo.ai
holoscope.ai;holoscope.ai
rastro.ai;rastro.ai
Educato;educato.ai
Beyond Work;beyondwork.ai
Vocal AI;getvocal.ai
Askel.ai;askel.ai
Taxo;taxo.ai
Stockly;stockly.ai
argile.ai;argile.ai
KRNL.AI;krnl.ai
Ogment;ogment.ai
realchar.ai;realchar.ai
Stendhal;stendhal.ai
To;fater.ai
Dan.com;dotprod.ai
Gendo AI;gendo.ai
Ankar.ai;ankar.ai
Fentech;fentech.ai
clarifeye.ai;clarifeye.ai
Klark;klark.ai
RevvedUp;revvedup.ai
My Site 1;opsima.ai
TamTam;tamtam.ai
MarketLeap;marketleap.ai
Dioptra;dioptra.ai
Fforward;fforward.ai
Leadbay;leadbay.ai
Juno AI;thisisjuno.ai
Adorno;adorno.ai
Kern AI;kern.ai
lynq;lynq.ai
Ignota Labs;ignotalabs.ai
Sefira AI;sefira.ai
Cube;getcube.ai
Argil;argil.ai
Prism Eval;prism-lab.ai
Synthflow AI;synthflow.ai
Nomagic;nomagic.ai
Altrove;altrove.ai
Maisa;maisa.ai
CreateSite.ai;createapp.ai
Pruna AI;pruna.ai
Dunia;dunia.ai
Tenderfacts;tenderfacts.ai
Page;hybridity.ai
Upsolve AI;upsolve.ai
alep.ai;alep.ai
www.rakam.ai;rakam.ai
Build Meaningful Relationships with your Customers on WhatsApp;krispy.ai
Ingenix.AI;ingenix.ai
Steerlab;steerlab.ai
Timefold;timefold.ai
candide.ai;candide.ai
Sonaar;sonaar.ai
Evise.ai;evise.ai
Sagittal.ai;sagittal.ai
Continuity;cnty.ai
Listenup;listenup.ai
mokSa.ai;moksa.ai
Chief of Staff.ai;chiefofstaff.ai
Presti;presti.ai
bowld.ai;bowld.ai
FlexAI;flex.ai
Harmonic;harmonic.ai
RÉMI;mavisite.ai
Veesual;veesual.ai
Qrew;qrew.ai
taketwo.ai;taketwo.ai
Ailix;ailix.ai
DeepJudge;deepjudge.ai
Astrae;astrae.ai
Alan;wave.ai
Deltia;deltia.ai
unakin.ai;unakin.ai
Helsing;helsing.ai
heyaria.ai;heyaria.ai
:probabl;probabl.ai
Augmente1;augmente.ai
Legalfly;legalfly.ai
A·gem·o;agemo.ai
Flippit;flippit.ai
Allisone.ai;allisone.ai
Webyn;webyn.ai
zypl.ai;zypl.ai
NLPearl;nlpearl.ai
jamie;meetjamie.ai
Layer;layer.ai
Jimini;jimini.ai
Habs;habs.ai
Leexi;leexi.ai
flowtastic;flowtastic.ai
Revend;revend.ai
xpln.ai;xpln.ai
poolside;poolside.ai
Mistral AI;mistral.ai
Medicus AI;medicus.ai
Lampi AI;lampi.ai
Giskard;giskard.ai
Databerry;databerry.ai
Descartes & Mauss;descartesmauss.ai
Signapse;signapse.ai
Salesforge;salesforge.ai
Inpulse;inpulse.ai
Newtone;newtone.ai
Yuma;yuma.ai
LightOn;lighton.ai
Flim;flim.ai
Clay;claym.ai
AdCreative.ai;adcreative.ai
Rewart;rewart.ai
Zaion;zaion.ai
Myr.ai;myr.ai
Yepic;yepic.ai
Yokai.ai;yokai.ai
Cosine;buildt.ai
Validmind;validmind.ai
AI;kyragroup.ai
Signifia;signifia.ai
Sana Labs;sana.ai
/dev/agents;sdsa.ai
marvelx.ai;marvelx.ai
LogicStar AI;logicstar.ai
The Deep View;thedeepview.ai
Alinia;alinia.ai
Zetako;zetako.ai
Postnitro;postnitro.ai
Swift Robotics;swiftrobotics.ai
klu.ai;klu.ai
UnionAll;unionall.ai
MultiOn AI;multion.ai
InPeak;sherpani.ai
The Rundown AI;daily.therundown.ai
parsewise.ai;parsewise.ai
AlphaSignal;alphasignal.ai
wellapp.ai;wellapp.ai
MarketMirror;marketmirror.ai
En;kalm.ai
Sophiaverse;sophiaverse.ai
Fluents;fluents.ai
Leading AI Video Localization & Dubbing Tool;rask.ai
Beebop.ai;beebop.ai
Cominty;cominty.ai
Cavell;cavell.ai
Getparrot.ai;getparrot.ai
LaVague;lavague.ai
Comand;comand.ai
Toongether: Level up your webcomics with your new crew;kartoon.ai
DeepOpinion;deepopinion.ai
MeetGeek;meetgeek.ai
thymia;thymia.ai
Reliant AI – the Perfect AI Productivity Partner;reliant.ai
Perplexity AI;perplexity.ai
ZML;zml.ai
Stability AI;stability.ai
LongShot AI;longshot.ai
neptune.ai;neptune.ai
Reclaim.ai;reclaim.ai
skywise.ai;skywise.ai
FireCut;firecut.ai
Extrasensory;extrasensory.ai
Buster.Ai;buster.ai
AYES;ayes.ai
holscope.ai;holscope.ai
Jasper;jasper.ai
Polaris Health;polaris-health.ai
Unleash;getunleash.ai
Command Post;commandpost.ai
Fireflies.ai;fireflies.ai
MincaAI;mincaai.framer.ai
Click Now;alwaysconnect.ai
Concierge AI;withconcierge.ai
Voicemy.ai;voicemy.ai
newsletter.firecut.ai;newsletter.firecut.ai
gradient labs;gradient-labs.ai
Premia;premia.ai
Enersee;enersee.ai
Omogen.ai;omogen.ai
davia.ai;davia.ai
Beyond Presence;beyondpresence.ai
Proxy;proxy-convergence.ai
Health Force;healthforce.ai
Hotaly;hotaly.ai
Lindy.ai;lindy.ai
Newcode.ai;newcode.ai
Convergence;convergence.ai
AQL Robotics;aqlrobotics.ai
onsource.ai;onsource.ai
H-AI;hcompany.ai
NetFabric;netfabric.ai
Referly;referly.ai
Mendo;mendo.ai
Anam.ai;anam.ai
nodals.ai;nodals.ai
ucontrol.ai;ucontrol.ai
Teeda;teeda.ai
mokker;mokker.ai
Realiste;realiste.ai
meetdex.ai;meetdex.ai
Noticia;noticia.ai
Read;read.ai
Tortus;tortus.ai
Modjo;modjo.ai
Procure Ai;procure.ai
Mendo;mail.mendo.ai
SOLAYA;solaya.ai
Autoplay;autoplay.ai
YouAI;youai.ai
wejam.ai;wejam.ai
Datagon AI;datagon.ai
totalis.ai;totalis.ai
upmeet.ai;upmeet.ai
Patlytics • Premier AI;patlytics.ai
Checkout.com;ubble.ai
indexglobal.ai;indexglobal.ai
Matricis.ai;matricis.ai
Delivers.AI;delivers.ai
Shakespeare;shakespeare.ai
mettis;mettis.ai
Enterprise-Grade Software Documentation;komment.ai
Chipmind;chipmind.ai
agentel.ai;agentel.ai
lengo.ai;lengo.ai
Aptus.AI;aptus.ai
cusp.ai;cusp.ai
D-Intelligence;d-intelligence.ai
Kula;kula.ai
nuwacom Official Site;nuwacom.ai
Airtrain AI;airtrain.ai
Najar;najar.ai
Symbiotic Security;symbioticsec.ai
LIFEdata AI⎟Omnichannel As A Service;lifedata.ai
Vera Health;vera-health.ai
della.ai;della.ai
Galileo AI;galileo.ai
Lumian;lumian.ai
Alan;support.wave.ai
projecthyperion.ai;projecthyperion.ai
mg.skywise.ai;mg.skywise.ai
syrena;syrena.ai
Mindrift.ai: Be the “I” in AI;mindrift.ai
AI;pharaday.ai
ivakeel.ai;ivakeel.ai
Otter.ai;otter.ai
Salina Health;salina.ai
globist.ai;globist.ai
Extrality;extrality.ai
cohord.ai;cohord.ai
OneShot.ai;oneshot.ai
getmurphy.ai;getmurphy.ai
leaseloop.ai;leaseloop.ai
Comparables.ai;comparables.ai
guidedplanet.ai;guidedplanet.ai
data.ai;data.ai
Concorde AI;concordegroup.ai
Compri AI;compri.ai
Tenderbolt AI;tenderbolt.ai
sqwish.ai;sqwish.ai
1;achille.ai
spheria.ai;spheria.ai
Read;e.read.ai
Circleback;circleback.ai
Kleep;kleep.ai
fern-labs.ai;fern-labs.ai
Dema;dema.ai
LangWatch;langwatch.ai
cadensys.ai;cadensys.ai
Deducta;deducta.ai
Sensia;sensia.ai
Moyai.ai;moyai.ai
Kentauros;kentauros.ai
MAIHEM;maihem.ai
Teton;teton.ai
SmartPredict;smartpredict.ai
CO2ai;co2.ai
ChatGPT Für Einkaufsmanager;asklio.ai
Protocol Labs;protocol.ai
MediaOptions;nocode.ai
Curiosity;curiosity.ai
Orbem;orbem.ai
HEARTio;heartio.ai
RESULT;resultx.ai
Superhuman;joinsuperhuman.ai
AI;stratup.ai
Perplexity AI;perplexity.ai
yumiapp.ai;yumiapp.ai
tapper.ai;tapper.ai
Smartvideo;smartevo.ai
Finster;finster.ai
Eilla AI;eilla.ai
Vectorview;vectorview.ai
Beautiful.ai;beautiful.ai
Harvey;harvey.ai
Brackett;brackett.ai
Syntropix AI;syntropix.ai
tendos.ai;tendos.ai
Nebuly;nebuly.ai
Krisspy AI;krisspy.ai
Sehar;sehar.ai
Polaron;polaron.ai
Lobby AI;thelobby.ai
Kin;mykin.ai
HrFlow.ai;hrflow.ai
Custom Domain by Bitly;unimatch.ai
Biglead;biglead.ai
Spellz;spellz.ai
lindymail.ai;lindymail.ai
Lakera;lakera.ai
Sintra;sintra.ai
newxel.ai;newxel.ai
Prime Intellect AI;primeintellect.ai
numize.ai;numize.ai
SPREAD;spread.ai
Prior Labs;priorlabs.ai
Uptail;uptail.ai
Fyva.ai;fyva.ai
Capably;agentrunner.ai
translationx.ai;translationx.ai
GPT4Sales;gpt4sales.ai
TYTN;tytn.ai
Apogee Robotics;apogeerobotics.ai
Zama;zama.ai
Agitprop;agitprop.ai
Apneal;apneal.ai
Lazy AI;getlazy.ai
eugen.ai;eugen.ai
Chaindesk;chaindesk.ai
Stacks.ai;stacks.ai
Kive;kive.ai
MindStudio;mindstudio.ai
Sylvi;sylvi.ai
Neuroo;neuroo.ai
Whois.ai;meeteasy.ai
Continuity;continuity-tech.ai
Capsula;capsula.ai
Lynceus;lynceus.ai
Osium AI -;osium.ai
ARGO;argox.ai
BeforeSunset;beforesunset.ai
summerdata.ai;summerdata.ai
NuMind;numind.ai
Otter.ai;otter.ai
Snipets;snipets.ai
